PORT_ID,PORT_CD,PORT_NAM,COUNTRY_CD,STATE_CD,COMMENTS_TXT,AS_OF_CD,CAPTURE_DAT,RECORD_STATUS_CD
103813,ABU,ABU DHABI,AE,,,CD,5/21/2019,A
103814,FUJ,FUJAIRAH,AE,,,CD,5/21/2019,A
103908,DXB,DUBAI,AE,,,CD,5/21/2019,A
103831,DBX,DUBAI,AE,,,CD,5/21/2019,A
100849,ANU,"ST. JOHN'S, ANTIGUA",AG,,,CD,5/21/2019,A
101047,SXM,ST. MAARTEN,AN,,,CD,5/21/2019,A
101050,WIL,WILLEMSTAD,AN,,,CD,5/21/2019,A
101048,KRA,KRALENDIJK,AN,,,CD,5/21/2019,A
101049,PHI,PHILIPSBURG ST. MAARTEN,AN,,,CD,5/21/2019,A
100743,APH,CRUISE CAPE HORN,AR,,,CD,5/21/2019,A
100852,USH,USHUAIA,AR,,,CD,5/21/2019,A
100850,BUE,BUENOS AIRES,AR,,,CD,5/21/2019,A
100851,PMY,PUERTO MADRYN,AR,,,CD,5/21/2019,A
100848,PPG,PAGO PAGO,AS,,,CD,5/21/2019,A
100884,HVB,HERVEY BAY,AU,QL,,CD,5/21/2019,A
100885,MKY,MACKAY,AU,QL,,CD,5/21/2019,A
100886,MEL,MELBOURNE,AU,VI,,CD,5/21/2019,A
100887,TSV,TOWNSVILLE,AU,QL,,CD,5/21/2019,A
100888,BME,BROOME,AU,WA,,CD,5/21/2019,A
100889,SYD,SYDNEY,AU,NS,,CD,5/21/2019,A
100890,CNS,CAIRNS (YORKEY'S KNOB),AU,QL,,CD,5/21/2019,A
100891,DRW,DARWIN,AU,NT,,CD,5/21/2019,A
100883,JLA,COLES BAY,AU,TS,,CD,5/21/2019,A
100882,BNE,BRISBANE,AU,QL,,CD,5/21/2019,A
100881,NTL,NEWCASTLE,AU,NS,,CD,5/21/2019,A
100880,TIS,THURSDAY ISLAND,AU,,,CD,5/21/2019,A
100879,KNS,KING ISLAND,AU,TS,,CD,5/21/2019,A
100878,HTI,HAMILTON ISLAND,AU,QL,,CD,5/21/2019,A
100877,PAU,PORT ARTHUR,AU,TS,,CD,5/21/2019,A
100876,LDH,LORD HOWE ISLAND,AU,QL,,CD,5/21/2019,A
100875,HBA,HOBART,AU,TS,,CD,5/21/2019,A
100874,HAR,HARDY REEF,AU,QL,,CD,5/21/2019,A
100873,DPO,DEVONPORT,AU,TS,,CD,5/21/2019,A
104388,NSW,PORT KEMBLA,AU,,,CD,5/21/2019,A
104058,ADL,ADELAIDE,AU,,,CD,5/21/2019,A
103868,AIR,AIRLIE BEACH,AU,,,CD,5/21/2019,A
104088,PLN,PORT LINCOLN,AU,,,CD,5/21/2019,A
103833,BWT,BURNIE (TASMANIA),AU,,,CD,5/21/2019,A
103989,GEE,GEELONG,AU,,,CD,5/21/2019,A
104055,HOB,HOBART,AU,TS,,CD,3/28/2017,D
104056,QDN,EDEN,AU,,,CD,5/21/2019,A
104057,KAN,KANGAROO ISLAND,AU,,,CD,5/21/2019,A
100853,ORJ,ORANJESTAD,AW,,,CD,5/21/2019,A
100897,BGI,BRIDGETOWN,BB,,,CD,5/21/2019,A
100898,ZEE,ZEEBRUGGE (BRUSSELS/BRUGGE),BE,,,CD,5/21/2019,A
100910,VAR,VARNA,BG,,,CD,5/21/2019,A
103208,STB,GUSTAVIA,BL,,,CD,5/21/2019,A
100900,WRF,ROYAL NAVAL DOCKYARD,BM,,,CD,5/21/2019,A
100902,SGE,ST. GEORGES,BM,,,CD,5/21/2019,A
102637,WRB,KING'S WHARF (AT ANCHOR),BM,,,CD,5/21/2019,A
100901,BDA,HAMILTON,BM,,,CD,5/21/2019,A
103826,MUA,MUARA,BN,,,CD,5/21/2019,A
102356,MAO,MANAOS,BR,,,CD,5/21/2019,A
102477,IOS,ILHEUS,BR,,,CD,5/21/2019,A
102479,SSA,SALVADOR DE BAHIA,BR,,,CD,5/21/2019,A
102156,ITJ,ITAJAI,BR,,,CD,5/21/2019,A
103891,ILH,ILHA GRANDE,BR,,,CD,5/21/2019,A
103890,IHB,ILHABELA,BR,,,CD,5/21/2019,A
103889,BUZ,BUZIOS,BR,,,CD,5/21/2019,A
103888,ADR,ANGRA DOS REIS,BR,,,CD,5/21/2019,A
100904,RIO,RIO DE JANEIRO,BR,,,CD,5/21/2019,A
100905,FOR,FORTALEZA,BR,,,CD,5/21/2019,A
100903,BEL,BELEM,BR,,,CD,5/21/2019,A
100907,SSZ,SAO PAOLO (SANTOS),BR,,,CD,5/21/2019,A
100906,REC,RECIFE,BR,,,CD,5/21/2019,A
100895,JPL,PORT LUCAYA,BS,,,CD,5/21/2019,A
100894,FPO,GRAND BAHAMA ISLAND,BS,,,CD,5/21/2019,A
100893,ELE,ELEUTHERA,BS,,,CD,5/21/2019,A
100892,NPI,GREAT STIRRUP CAY,BS,,,CD,5/21/2019,A
100896,NAS,NASSAU,BS,,,CD,5/21/2019,A
103508,BPI,HARVEST CAYE,BZ,,,CD,5/21/2019,A
100899,BZE,BELIZE CITY,BZ,,,CD,5/21/2019,A
101223,YQY,NOVA SCOTIA,CA,NS,,CD,5/21/2019,A
101544,MRL,MONTREAL CONVERSION,CA,,,CD,5/21/2019,A
100914,SJF,"ST. JOHN'S, NEW FOUNDLAND",CA,,,CD,5/21/2019,A
100915,QUE,QUEBEC CITY,CA,PQ,,CD,5/21/2019,A
100916,SJB,"SAINT JOHN, BAY OF FUNDY",CA,NB,,CD,5/21/2019,A
100918,VIC,"VICTORIA, BC, CANADA",CA,BC,,CD,5/21/2019,A
100919,MTR,MONTREAL,CA,PQ,,CD,5/21/2019,A
100917,VAN,VANCOUVER,CA,BC,,CD,5/21/2019,A
100911,CBK,CORNERBROOK,CA,NF,,CD,5/21/2019,A
100912,HAL,HALIFAX,CA,NS,,CD,5/21/2019,A
100913,PRR,"PRINCE RUPERT, BC, CANADA",CA,BC,,CD,5/21/2019,A
101576,YVR,VANCOUVER,CA,,Airport Code ,CD,5/21/2019,A
101696,SYN,"SYDNEY, CAPE BRETON ISLAND, NS",CA,NS,,CD,5/21/2019,A
101716,NNO,NANAIMO,CA,BC,,CD,5/21/2019,A
102396,LBI,LA BAIE (SAGUENAY RIVER),CA,QC,,CD,5/21/2019,A
103168,GPE,GASPESIE,CA,,,CD,5/21/2019,A
103468,BAI,BAIE COMEAU,CA,PQ,,CD,5/21/2019,A
102839,SEI,SEPT-ILES,CA,QC,,CD,5/21/2019,A
102756,CHA,"CHARLOTTETOWN, PRINCE EDWARD I",CA,,ISLAND,CD,5/21/2019,A
102859,CRL,PRINCE EDWARD ISLAND,CA,,,CD,5/21/2019,A
101553,YBL,CAMPBELL RIVER,CA,BC,,CD,5/21/2019,A
100841,RAR,RAROTONGA,CK,,,CD,5/21/2019,A
104728,SAT,SAN ANTONIO,CL,,,CD,5/21/2019,A
105109,CAP,"CRUISE CAPE HORN, CHILE",CL,,,CD,5/21/2019,A
101222,CHB,PUERTO CHACABUCO,CL,,,CD,5/21/2019,A
100921,PMC,PUERTO MONTT,CL,,,CD,5/21/2019,A
100922,PUQ,PUNTA ARENAS,CL,,,CD,5/21/2019,A
100923,SAI,SAN ANTONIO,CL,,,CD,5/21/2019,A
100924,VAP,VALPARAISO (SANTIAGO),CL,,,CD,5/21/2019,A
100925,ANF,ANTOFAGASTA,CL,,,CD,5/21/2019,A
100926,ARI,ARICA,CL,,,CD,5/21/2019,A
100927,IQQ,IQUIQUE,CL,,,CD,5/21/2019,A
100928,CQQ,COQUIMBO,CL,,,CD,5/21/2019,A
100792,PCI,CRUISE PATAGONIC CHANNEL,CL,,,CD,5/21/2019,A
100735,EAG,CRUISE BEAGLE CHANNEL,CL,,,CD,5/21/2019,A
100742,MKI,CRUISE CANAL MORALEDA,CL,,,CD,5/21/2019,A
100746,FJO,CRUISE CHILEAN FJORDS,CL,,,CD,5/21/2019,A
102036,PNT,PUERTO NATALES,CL,,,CD,5/21/2019,A
102097,PNS,PUERTO NATALES,CL,,,CD,5/21/2019,A
102136,ZAL,VALDIVIA,CL,,,CD,5/21/2019,A
102137,TAL,TALCAHUANO,CL,,,CD,5/21/2019,A
102456,CRR,PUERTO CORRAL,CL,,,CD,5/21/2019,A
102476,WCA,CASTRO,CL,,,CD,5/21/2019,A
102480,JFZ,ROBINSON CRUSOE ISLAND,CL,,,CD,5/21/2019,A
100809,CHJ,CRUISE STRAIT OF MAGELLAN,CL,,,CD,5/21/2019,A
100930,BJS,BEIJING (XINGANG),CN,,,CD,5/21/2019,A
104128,TSN,BEIJING (TIANJIN),CN,,,CD,5/21/2019,A
104609,DLC,DALIAN,CN,,,CD,5/21/2019,A
100932,SHA,SHANGHAI,CN,,,CD,5/21/2019,A
100931,SYX,SANYA,CN,,,CD,5/21/2019,A
104061,XIA,XIAMEN,CN,,,CD,5/21/2019,A
100929,HKG,HONG KONG,CN,91,,CD,5/21/2019,A
104448,SH3,SHENZEN,CN,,,CD,5/21/2019,A
104428,QND,QINGDAO,CN,,,CD,5/21/2019,A
102596,SMR,SANTA MARTA,CO,,,CD,5/21/2019,A
100934,ADZ,ISLA SAN ANDRES,CO,,,CD,5/21/2019,A
100935,CTG,"CARTAGENA, COLOMBIA",CO,,,CD,5/21/2019,A
100938,PAS,PUNTARENAS (PUERTO CALDERA),CR,,,CD,5/21/2019,A
104708,PCL,PUERTO CALDERA (PUNTARENAS),CR,,,CD,5/21/2019,A
100937,LIO,PUERTO LIMON,CR,,,CD,5/21/2019,A
100940,GLF,GOLFITO,CR,,,CD,5/21/2019,A
100939,CAL,CALDERA,CR,,,CD,5/21/2019,A
104348,HAV,HAVANA,CU,,,CD,5/21/2019,A
100842,LMS,LIMASSOL,CY,,,CD,5/21/2019,A
100942,LCA,LARNACA,CY,,,CD,5/21/2019,A
101384,HBU,HAMBURG,DE,,,CD,5/21/2019,A
100836,KEL,TRANSIT KIEL CANAL,DE,,,CD,5/21/2019,A
103268,RSK,ROSTOCK,DE,,,CD,5/21/2019,A
100973,PAP,PAPENBURG,DE,,,CD,5/21/2019,A
100974,WAR,WARNEMUNDE (BERLIN),DE,,,CD,5/21/2019,A
100975,BRV,BREMERHAVEN,DE,,,CD,5/21/2019,A
100976,HAM,HAMBURG,DE,,,CD,5/21/2019,A
100943,CPH,COPENHAGEN,DK,,,CD,5/21/2019,A
101596,KIL,KIEL CANAL,DK,,,CD,5/21/2019,A
102296,AAL,AALBORG,DK,,,CD,5/21/2019,A
101956,AAR,AARHUS,DK,,,CD,5/21/2019,A
102327,SKA,SKAGEN,DK,,,CD,5/21/2019,A
102323,RNN,"RONNE, BORNHOLM, DENMARK",DK,,,CD,5/21/2019,A
100945,RSU,ROSEAU,DM,,,CD,5/21/2019,A
100944,SDQ,SANTO DOMINGO,DO,,,CD,5/21/2019,A
101936,POP,PUERTO PLATA,DO,,,CD,5/21/2019,A
102196,CLD,"CAYO  LEVANTADO, DOM. REP.",DO,,,CD,5/21/2019,A
101996,SAM,SAMANA,DO,,,CD,5/21/2019,A
104748,PUN,PUNTA CANA,DO,,,CD,5/21/2019,A
104228,ALG,ALGIERS,DZ,,,CD,5/21/2019,A
100947,SNC,SALINAS,EC,,,CD,5/21/2019,A
100946,MEC,MANTA,EC,,,CD,5/21/2019,A
100843,TLL,TALLINN,EE,,,CD,5/21/2019,A
102616,URE,SAAREMMA,EE,,,CD,5/21/2019,A
102326,SSH,SHARM EL SHEIKH,EG,,,CD,5/21/2019,A
100948,ALY,ALEXANDRIA (CAIRO),EG,,,CD,5/21/2019,A
102324,SGA,SAFAGA,EG,,,CD,5/21/2019,A
103809,SUC,SUEZ CANAL,EG,,,CD,5/21/2019,A
103810,HUR,HURGHADA,EG,,,CD,5/21/2019,A
100949,PSD,PORT SAID,EG,,,CD,5/21/2019,A
101111,TCI,TENERIFE,ES,,,CD,5/21/2019,A
101112,AGP,MALAGA (GRANADA),ES,,,CD,5/21/2019,A
101113,PMI,PALMA MAJORCA,ES,,,CD,5/21/2019,A
101114,SVQ,CADIZ,ES,,,CD,5/21/2019,A
101115,VLC,VALENCIA,ES,,,CD,5/21/2019,A
101116,VGO,VIGO,ES,,,CD,5/21/2019,A
101117,BCN,BARCELONA,ES,,,CD,5/21/2019,A
101118,GRX,GRANADA,ES,,,CD,5/21/2019,A
101119,LCG,LA CORUNA,ES,,,CD,5/21/2019,A
101120,CAD,CADIZ (SEVILLE),ES,,,CD,5/21/2019,A
101121,IBZ,IBIZA,ES,,,CD,5/21/2019,A
103808,GIJ,GIJON,ES,,,CD,5/21/2019,A
101110,SCT,SANTA CRUZ DE TENERIFE,ES,,,CD,5/21/2019,A
101109,LPA,"LAS PALMAS, GRAN CANARIA",ES,,,CD,5/21/2019,A
102537,MLN,MELILLA,ES,,,CD,5/21/2019,A
102536,CEU,CEUTA,ES,,,CD,5/21/2019,A
101856,TUY,TUY,ES,,,CD,5/21/2019,A
101976,ALC,ALICANTE,ES,,,CD,5/21/2019,A
102516,ACE,ARRECIFE,ES,,,CD,5/21/2019,A
101676,LEI,ALMERIA,ES,,,CD,5/21/2019,A
104310,BBO,BILBAO,ES,,,CD,5/21/2019,A
103648,CAR,"CARTAGENA, SPAIN",ES,,,CD,5/21/2019,A
104868,TAR,"TARRAGONA, SPAIN",ES,,,CD,5/21/2019,A
100954,HEL,HELSINKI,FI,,,CD,5/21/2019,A
101822,TKU,TURKU,FI,,,CD,5/21/2019,A
100952,YAS,YASAWA,FJ,,,CD,5/21/2019,A
100951,LTK,LAUTOKA,FJ,,,CD,5/21/2019,A
104052,LAU,LAUTOKA,FJ,,,CD,5/21/2019,A
105228,DRA,"DRAVUNI, FIJI",FJ,,,CD,5/21/2019,A
100953,SUV,SUVA,FJ,,,CD,5/21/2019,A
102096,WTP,WEST POINT,FK,,,CD,5/21/2019,A
101152,PSY,STANLEY,FK,,,CD,5/21/2019,A
102039,MPN,MOUNT PLEASANT,FK,,,CD,5/21/2019,A
102038,FBE,FOX BAY,FK,,,CD,5/21/2019,A
102329,TOR,TORSHAVEN (OUTDATED),FO,,,CD,5/21/2019,A
100844,THO,TORSHAVN,FO,,,CD,5/21/2019,A
100969,CEQ,CANNES,FR,U,,CD,5/21/2019,A
102277,VFE,NICE (VILLEFRANCHE),FR,,,CD,5/21/2019,A
102238,TLN,TOULON,FR,,,CD,5/21/2019,A
103046,SNR,"ST. NAZAIRE, FRANCE",FR,,,CD,5/21/2019,A
103968,SET,SETE,FR,,,CD,5/21/2019,A
103948,BDX,PORT LE VERDON FRANCE,FR,,,CD,5/21/2019,A
100968,NCE,NICE,FR,,,CD,5/21/2019,A
100967,LEH,LE HAVRE (PARIS),FR,Q,,CD,5/21/2019,A
100965,SML,ST.MALO,FR,E,,CD,5/21/2019,A
100964,LRH,LA ROCHELLE,FR,T,,CD,5/21/2019,A
100963,CER,CHERBOURG,FR,P,,CD,5/21/2019,A
100962,BOD,BORDEAUX,FR,,,CD,5/21/2019,A
100961,AJA,AJACCIO,FR,H,,CD,5/21/2019,A
100960,VLF,VILLEFRANCE,FR,,,CD,5/21/2019,A
100959,FSP,ST. PIERRE,FR,,,CD,5/21/2019,A
100958,URO,ROUEN (PARIS),FR,J,,CD,5/21/2019,A
100957,MRS,PROVENCE (MARSEILLE),FR,,,CD,5/21/2019,A
100956,LVN,LE VERDON (BORDEAUX),FR,,,CD,5/21/2019,A
100955,LPE,LA PALLICE,FR,,,CD,5/21/2019,A
100966,BES,BREST,FR,E,,CD,5/21/2019,A
102016,STH,"ST. HELIER, JERSEY ISLAND",GB,,,CD,5/21/2019,A
103548,IPO,"PORTLAND, ENGLAND",GB,,,CD,5/21/2019,A
101143,DVR,DOVER (LONDON),GB,ENG,,CD,5/21/2019,A
101142,AYR,AYR,GB,SCT,,CD,5/21/2019,A
102336,STN,STANSTED,GB,,,CD,5/21/2019,A
102576,SPT,GUERNSEY (OUTDATED),GB,,,CD,5/21/2019,A
101153,SOU,SOUTHAMPTON (LONDON),GB,ENG,,CD,5/21/2019,A
101151,LER,LERWICK (SHETLAND ISLANDS),GB,,,CD,5/21/2019,A
101150,KWL,KIRKWALL,GB,,,CD,5/21/2019,A
101149,IVG,INVERGORDON,GB,SCT,,CD,5/21/2019,A
101148,HLY,HOLYHEAD,GB,WLS,,CD,5/21/2019,A
101147,GCI,GUERNSEY,GB,CHA,,CD,5/21/2019,A
101146,GRK,GREENOCK (SCOTLAND),GB,,,CD,5/21/2019,A
101145,FAL,FALMOUTH,GB,ENG,,CD,5/21/2019,A
101144,EDI,EDINBURGH (LEITH),GB,SCT,,CD,5/21/2019,A
100985,STG,"ST. GEORGE'S, GRENADA",GD,,,CD,5/21/2019,A
101154,GIB,GIBRALTAR,GI,,,CD,5/21/2019,A
100987,PTP,POINT-A-PITRE,GP,,,CD,5/21/2019,A
100986,GUS,GUSTAVIA,GP,,,CD,5/21/2019,A
102819,NAF,NAFPLION,GR,,,CD,5/21/2019,A
102276,PMG,PATMOS,GR,,,CD,5/21/2019,A
101916,VOL,VOLOS,GR,,,CD,5/21/2019,A
104309,CAA,CHANIA,GR,,,CD,5/21/2019,A
100978,HER,IRAKLION (CRETE),GR,,,CD,5/21/2019,A
100979,PIR,PIRAEUS (ATHENS),GR,,,CD,5/21/2019,A
100980,RHO,RHODES,GR,,,CD,5/21/2019,A
104308,ARM,ARGOSTOLI,GR,,,CD,5/21/2019,A
100984,CFU,CORFU,GR,,,CD,5/21/2019,A
100983,JMK,MYKONOS,GR,,,CD,5/21/2019,A
100982,KAK,OLYMPIA (KATAKOLON),GR,,,CD,5/21/2019,A
100981,JTR,SANTORINI ISLAND,GR,,,CD,5/21/2019,A
102099,TDE,SANTO TOMAS DE CASTILLA,GT,,,CD,5/21/2019,A
100988,PRQ,PUERTO QUETZAL,GT,,,CD,5/21/2019,A
101616,SNT,PUERTO IZABAL,GT,,,CD,5/21/2019,A
102056,STC,SANTO TOMAS DE CASTILLA (NOT),GT,,,CD,5/21/2019,A
101244,APR,APRA HARBOR,GU,,,CD,5/21/2019,A
103608,TJI,BANANA COAST (TRUJILLO),HN,,,CD,5/21/2019,A
100989,RTB,"ROATAN, BAY ISLANDS",HN,,,CD,5/21/2019,A
101797,SPU,SPLIT,HR,,,CD,5/21/2019,A
102256,ZAD,ZADAR,HR,,,CD,5/21/2019,A
100941,DBV,DUBROVNIK,HR,,,CD,5/21/2019,A
101836,KOR,KORCULA,HR,,,CD,5/21/2019,A
100996,BMU,BIMA,ID,,,CD,5/21/2019,A
105128,SAB,"SABANG, INDONESIA",ID,,,CD,5/21/2019,A
100992,LOM,LOMBOK,ID,,,CD,5/21/2019,A
100995,KOE,KUPANG,ID,,,CD,5/21/2019,A
100994,SUB,SURABAYA,ID,,,CD,5/21/2019,A
100993,SRG,SEMARANG,ID,,,CD,5/21/2019,A
100991,JKT,JAKARTA,ID,,,CD,5/21/2019,A
100997,DPS,BENOA (BALI),ID,,,CD,5/21/2019,A
101225,KOM,KOMODO,ID,,,CD,5/21/2019,A
101001,COB,CORK (COBH),IE,,,CD,5/21/2019,A
100998,DUB,DUBLIN,IE,,,CD,5/21/2019,A
100999,WAT,WATERFORD,IE,,,CD,5/21/2019,A
101000,ORK,CORK,IE,,,CD,5/21/2019,A
104888,RIN,"RINGASKIDDY, (CORK), IRELAND",IE,,,CD,5/21/2019,A
102717,BEF,BELFAST(NOT USED),IE,,,CD,5/21/2019,A
105008,DUN,DUBLIN (DUN LAOGHAIRE) IRELAND,IE,,,CD,5/21/2019,A
101003,HFA,HAIFA,IL,,,CD,5/21/2019,A
101002,ASH,ASHDOD,IL,,,CD,5/21/2019,A
103818,CCH,COCHIN,IN,,,CD,5/21/2019,A
103817,MNG,MANGALORE,IN,,,CD,5/21/2019,A
103816,MRM,MORMUGAO GOA,IN,,,CD,5/21/2019,A
103815,BOM,MUMBAI,IN,,,CD,5/21/2019,A
102325,SEY,SEYDHISFJORDHUR,IS,,,CD,5/21/2019,A
102318,ISA,ISAFJORDUR,IS,,,CD,5/21/2019,A
102317,HUS,HUSAVIK,IS,,,CD,5/21/2019,A
103969,AKU,AKUREYRI,IS,,,CD,5/21/2019,A
100990,REY,REYKJAVIK,IS,,,CD,5/21/2019,A
101015,MSN,MESSINA,IT,,,CD,5/21/2019,A
101014,VIA,VIAREGGIO,IT,,,CD,5/21/2019,A
101013,VCE,VENICE,IT,,,CD,5/21/2019,A
101012,RRO,SORRENTO/CAPRI,IT,,,CD,5/21/2019,A
101011,PFO,PORTOFERRAIO,IT,,,CD,5/21/2019,A
101010,LIV,LIVORNO (FLORENCE/PISA),IT,,,CD,5/21/2019,A
101009,NAP,NAPLES/POMPEII,IT,,,CD,5/21/2019,A
101008,CTA,CATANIA,IT,,,CD,5/21/2019,A
102656,CAG,"CAGLIARI, SARDINIA",IT,,,CD,5/21/2019,A
102799,OLB,OLBIA,IT,,,CD,5/21/2019,A
103369,PMO,"PALERMO, SICILY",IT,,,CD,5/21/2019,A
101839,TAO,TAORMINA,IT,,,CD,5/21/2019,A
101838,PTF,PORTOFINO,IT,,,CD,5/21/2019,A
101007,CIV,CIVITAVECCHIA (ROME),IT,,,CD,5/21/2019,A
101006,PSA,PISA,IT,,,CD,5/21/2019,A
101005,GOA,GENOA (MILAN),IT,,,CD,5/21/2019,A
101004,SPE,LA SPEZIA,IT,,,CD,5/21/2019,A
101550,ROM,ROME CONVERSION,IT,,,CD,5/21/2019,A
103688,RAV,RAVENNA,IT,,,CD,5/21/2019,A
101016,STR,STROMBOLI,IT,,,CD,5/21/2019,A
105208,TRE,"TRIESTE, ITALY",IT,,,CD,5/21/2019,A
104968,MES,TRANSIT MESSINA STRAIT,IT,,,CD,5/21/2019,A
101019,MBJ,MONTEGO BAY,JM,,,CD,5/21/2019,A
101018,OCJ,OCHO RIOS,JM,,,CD,5/21/2019,A
103146,FMH,FALMOUTH,JM,,,CD,5/21/2019,A
102420,AQB,AQABA,JO,,,CD,5/21/2019,A
102416,AMM,AMMAN,JO,,,CD,5/21/2019,A
104248,KCZ,KOCHI,JP,,,CD,5/21/2019,A
104249,KKJ,KITAKYUSHU,JP,,,CD,5/21/2019,A
104250,MYZ,MIYAZAKI,JP,,,CD,5/21/2019,A
104251,YAT,YATSUSHIRO,JP,,,CD,5/21/2019,A
104252,HK1,HAKATA (FUKUOKA),JP,,,CD,5/21/2019,A
104469,HSM,HIROSHIMA,JP,,,CD,5/21/2019,A
104488,YON,YONAGUNI,JP,,,CD,5/21/2019,A
104668,YOK,"TOKYO (YOKOHAMA), JAPAN",JP,,,CD,5/21/2019,A
105328,HSH,"HOSOSHIMA, JAPAN",JP,,,CD,5/21/2019,A
105329,HOH,"HOSOSHIMA, JAPAN",JP,,,CD,5/21/2019,A
105330,KUM,"KUMAMOTO (YATSUSHIRO), JAPAN",JP,,,CD,5/21/2019,A
105348,KON,CRUISE KANMON STRAIT,JP,,,CD,5/21/2019,A
104628,AOM,AOMORI,JP,,,CD,5/21/2019,A
104328,SAK,SAKAIMINATO,JP,,,CD,5/21/2019,A
104808,SAS,"NAGASAKI (SASEBO), JAPAN",JP,,,CD,5/21/2019,A
104688,SKT,SAKATA,JP,,,CD,5/21/2019,A
104689,SAP,SAPPORO (OTARU),JP,,,CD,5/21/2019,A
104690,KZW,KANAZAWA,JP,,,CD,5/21/2019,A
104608,NGO,NAGOYA,JP,,,CD,5/21/2019,A
104768,SHI,SHIMONOSEKI,JP,,,CD,5/21/2019,A
104788,YGI,YONAGUNI,JP,,,CD,5/21/2019,A
101020,MUR,MURORAN,JP,,,CD,5/21/2019,A
101021,KOJ,KAGOSHIMA,JP,,,CD,5/21/2019,A
101022,NGS,NAGASAKI,JP,,,CD,5/21/2019,A
101023,HKD,HAKODATE,JP,,,CD,5/21/2019,A
101024,OSA,"KYOTO (OSAKA), JAPAN",JP,,,CD,5/21/2019,A
101025,TYO,TOKYO,JP,,,CD,3/28/2017,D
104064,NAG,NAGASAKI,JP,,,CD,5/10/2017,D
104065,KOB,"KYOTO (KOBE), JAPAN",JP,,,CD,5/21/2019,A
104066,TOK,TOKYO,JP,,,CD,5/21/2019,A
104548,NAH,NAHA (OKINAWA),JP,,,CD,5/21/2019,A
105288,MIY,"MIYAKO-JIMA (OKINAWA), JAPAN",JP,,,CD,5/21/2019,A
105269,NII,"NIGATA, JAPAN",JP,,,CD,5/21/2019,A
105268,AKI,"AKITA, JAPAN",JP,,,CD,5/21/2019,A
104549,ISH,"ISHIGAKI (OKINAWA), JAPAN",JP,,,CD,5/21/2019,A
104508,BE9,BEPPU,JP,,,CD,5/21/2019,A
104528,SMZ,"MOUNT FUJI (SHIMIZU), JAPAN",JP,,,CD,5/21/2019,A
102499,MBA,MOMBASA,KE,,,CD,5/21/2019,A
103824,SH1,SIHANOUKVILLE,KH,,,CD,5/21/2019,A
101100,CXI,CHRISTMAS ISLAND,KI,,,CD,5/21/2019,A
101101,FAN,FANNING ISLAND,KI,,,CD,5/21/2019,A
102436,MYT,MAYOTTE,KM,,,CD,5/21/2019,A
101122,NEV,CHARLESTOWN,KN,,,CD,5/21/2019,A
101124,BAS,BASSETERRE,KN,,,CD,5/21/2019,A
101123,SKB,ST. KITTS,KN,,,CD,5/21/2019,A
101026,PUS,BUSAN,KR,,,CD,5/21/2019,A
104129,INC,SEOUL (INCHEON),KR,,,CD,5/21/2019,A
104063,JJU,JEJU,KR,,,CD,5/21/2019,A
100977,GEC,GEORGE TOWN,KY,,,CD,5/21/2019,A
101125,SLU,ST.LUCIA,LC,,,CD,5/21/2019,A
103819,COL,COLOMBO,LK,,,CD,5/21/2019,A
102116,KLJ,KLAIPEDA,LT,,,CD,5/21/2019,A
101818,RIX,RIGA,LV,,,CD,5/21/2019,A
101820,TIP,TRIPOLI,LY,,,CD,5/21/2019,A
102556,AGA,AGADIR,MA,,,CD,5/21/2019,A
101046,TNG,TANGIER,MA,,,CD,5/21/2019,A
101045,CAS,CASABLANCA,MA,,,CD,5/21/2019,A
101837,MCM,MONTE CARLO,MC,,,CD,5/21/2019,A
105068,BAR,"BAR, MONTENEGRO",ME,,,CD,5/21/2019,A
103169,KOT,KOTOR,ME,,,CD,5/21/2019,A
102500,NOS,NOSY BE,MG,,,CD,5/21/2019,A
101031,FDF,"FORT-DE-FRANCE, MARTINIQUE",MQ,,,CD,5/21/2019,A
100845,MLA,VALLETTA,MT,,,CD,5/21/2019,A
105029,LUI,"PORT LOUIS, MAURITIUS",MU,,,CD,5/21/2019,A
105034,MAL,"MALE, MALDIVES",MV,,,CD,5/21/2019,A
102780,TPB,TOPOLOBAMPO,MX,BCS,,CD,5/21/2019,A
102779,LAP,LA PAZ (PICHILINGUE),MX,BCS,,CD,5/21/2019,A
103188,PMD,PUERTO CHIAPAS,MX,,,CD,5/21/2019,A
102076,PGO,"PROGRESO, YUCATAN",MX,YUC,,CD,5/21/2019,A
101575,HUX,HUATULCO,MX,OAX,,CD,5/21/2019,A
101044,ACA,ACAPULCO,MX,GRO,,CD,5/21/2019,A
101043,CUN,CANCUN,MX,ROO,,CD,5/21/2019,A
101042,ESE,ENSENADA,MX,BCN,,CD,5/21/2019,A
101041,CZM,COZUMEL,MX,ROO,,CD,5/21/2019,A
101040,CLI,CALICA,MX,,,CD,5/21/2019,A
101038,PVR,PUERTO VALLARTA,MX,JAL,,CD,5/21/2019,A
101039,CMA,COSTA MAYA,MX,,,CD,5/21/2019,A
101037,PCM,PLAYA DEL CARMEN,MX,ROO,,CD,5/21/2019,A
101036,MZT,MAZATLAN,MX,,,CD,5/21/2019,A
101035,ZLO,MANZANILLO,MX,,,CD,5/21/2019,A
101034,CSL,CABO SAN LUCAS,MX,BCS,,CD,5/21/2019,A
101033,XIH,ZIHUATANEJO/IXTAPA,MX,GRO,,CD,5/21/2019,A
101032,PMS,PUERTO MORELOS (CANCUN),MX,ROO,,CD,5/21/2019,A
103820,LKW,LANGKAWI,MY,,,CD,5/21/2019,A
101030,PEN,PENANG,MY,,,CD,5/21/2019,A
101029,KEM,KEMAMAN,MY,,,CD,5/21/2019,A
101028,KUL,KUALA LUMPUR,MY,,,CD,5/21/2019,A
101027,KUA,KUANTAN PAHANG,MY,,,CD,5/21/2019,A
103827,KKB,KOTA KINABALU,MY,,,CD,5/21/2019,A
103821,PKG,PORT KLANG (KUALA LAMPUR),MY,,,CD,5/21/2019,A
102502,WVB,WALVIS BAY,NA,,,CD,5/21/2019,A
101054,ILP,ISLE OF PINES,NC,,,CD,5/21/2019,A
101053,AME,AMEDEE ISLAND,NC,,,CD,5/21/2019,A
104054,IDP,ISLE OF PINES,NC,,,CD,5/21/2019,A
101055,LIF,LIFOU,NC,,,CD,5/21/2019,A
101056,NOU,NOUMEA,NC,,,CD,5/21/2019,A
105151,MAR,"MARE, NEW CALEDONIA",NC,,,CD,5/21/2019,A
101071,CIO,CORINTO,NI,,,CD,5/21/2019,A
102216,SJS,SAN JUAN DEL SUR,NI,,,CD,5/21/2019,A
104148,IJM,AMSTERDAM (IJMUIDEN),NL,,,CD,5/21/2019,A
101051,AMS,AMSTERDAM,NL,,,CD,5/21/2019,A
101052,RTM,ROTTERDAM,NL,,,CD,5/21/2019,A
101524,EEH,EEMSHAVEN,NL,,,CD,5/21/2019,A
104288,EIN,EINDHOVEN,NL,,,CD,5/21/2019,A
101079,OSL,OSLO,NO,,,CD,5/21/2019,A
101080,JND,ROSENDAL,NO,,,CD,5/21/2019,A
101081,TRD,TRONDHEIM,NO,,,CD,5/21/2019,A
101082,UVK,ULVIK,NO,,,CD,5/21/2019,A
101083,BGO,BERGEN,NO,7,,CD,5/21/2019,A
101084,SVG,STAVANGER,NO,,,CD,5/21/2019,A
101085,AES,ALESUND,NO,,,CD,5/21/2019,A
101086,GNR,GEIRANGER,NO,,,CD,5/21/2019,A
101087,GVG,GUDVANGEN,NO,,,CD,5/21/2019,A
101088,GRD,GRAVDAL,NO,,,CD,5/21/2019,A
103528,LKN,LEKNES,NO,,,CD,5/21/2019,A
103568,CAC,CROSS THE ARTIC CIRCLE,NO,,,CD,5/21/2019,A
103988,SKJ,SKJOLDEN,NO,,,CD,5/21/2019,A
101078,OLD,OLDEN,NO,,,CD,5/21/2019,A
101077,MOL,MOLDE,NO,,,CD,5/21/2019,A
101076,HVG,HONNINGSVAG,NO,,,CD,5/21/2019,A
101075,HSY,HELLESYLT,NO,,,CD,5/21/2019,A
101074,FLM,FLAM,NO,,,CD,5/21/2019,A
101073,AND,AANDALSNES,NO,,,CD,5/21/2019,A
104928,NRD,"NORDFJORDEID, NORWAY",NO,,,CD,5/21/2019,A
100812,CGS,CRUISE SVARTISEN GLACIER,NO,,,CD,5/21/2019,A
102696,LYR,LONGYEARBYEN,NO,,,CD,5/21/2019,A
101957,TOS,TROMSO,NO,,,CD,5/21/2019,A
103588,HFT,HAMMERFEST,NO,,,CD,5/21/2019,A
101221,KRD,KRISTIANSUND,NO,,,CD,5/21/2019,A
104149,HAU,HAUGESUND,NO,,,CD,5/21/2019,A
105368,EID,"EIDFJORD, NORWAY",NO,,,CD,5/21/2019,A
101072,KRS,KRISTIANSAND,NO,,,CD,5/21/2019,A
101069,ORR,DUNEDIN,NZ,,,CD,5/21/2019,A
100784,CMS,CRUISE MILFORD SOUND,NZ,,,CD,5/21/2019,A
101060,BYO,BAY OF ISLANDS,NZ,,,CD,5/21/2019,A
101061,DGO,CRUISE DOUBTFUL SOUND,NZ,,,CD,5/21/2019,A
101062,SHC,SHIP'S COVE,NZ,,,CD,5/21/2019,A
101063,LYT,LYTTLETON,NZ,,,CD,5/21/2019,A
101064,PCN,"MARLBOROUGH (PICTON), NZ",NZ,,,CD,5/21/2019,A
101065,TAU,TAURANGA,NZ,,,CD,5/21/2019,A
101066,WLG,WELLINGTON,NZ,,,CD,5/21/2019,A
101067,CHC,CHRISTCHURCH,NZ,,,CD,5/21/2019,A
101068,NPE,NAPIER,NZ,,,CD,5/21/2019,A
105088,WHA,"WHANGAREI, NEW ZEALAND",NZ,,,CD,5/21/2019,A
101070,AKL,AUCKLAND,NZ,,,CD,5/21/2019,A
100859,JDU,CRUISE DUSKY SOUND,NZ,,,CD,5/21/2019,A
103834,MFS,MILFORD SOUND,NZ,,,CD,5/21/2019,A
103835,AKA,AKAROA,NZ,,,CD,5/21/2019,A
104059,GIS,GISBORNE,NZ,,,CD,5/21/2019,A
104060,DDN,DUNEDIN,NZ,,,CD,3/2/2017,D
103892,ALK,KHASAB,OM,,,CD,5/21/2019,A
103812,MCT,MUSCAT,OM,,,CD,5/21/2019,A
103811,SLL,SALALAH,OM,,,CD,5/21/2019,A
101091,BLB,BALBOA,PA,,,CD,5/21/2019,A
101637,CLN,COLON,PA,,,CD,5/21/2019,A
103628,PCG,"PANAMA CANAL/GATUN LAKE, PANAMA",PA,,,CD,5/21/2019,A
101304,CRB,CRISTOBAL,PA,,,CD,5/21/2019,A
101089,SNB,SAN BLAS ISLANDS,PA,,,CD,5/21/2019,A
101464,SVE,SALAVERRY (TRUJILLO),PE,,,CD,5/21/2019,A
104848,PCO,"PISCO, PERU",PE,,,CD,5/21/2019,A
101092,CLL,CALLAO (LIMA),PE,,,CD,5/21/2019,A
104049,MOO,MOOREA,PF,,,CD,3/28/2017,D
104050,RAI,RAIATEA,PF,,,CD,5/21/2019,A
100972,PPT,PAPEETE,PF,,,CD,5/21/2019,A
100971,MOZ,MOOREA,PF,,,CD,5/21/2019,A
100970,BOB,BORA BORA,PF,,,CD,5/21/2019,A
103971,NHH,NUKU HIVA,PF,,,CD,6/2/2016,D
104188,FAK,FAKARAVA,PF,,,CD,5/21/2019,A
104048,BRB,BORA BORA,PF,,,CD,5/21/2019,A
103970,RGI,RANGIROA,PF,,,CD,5/21/2019,A
103971,NHV,NUKU HIVA,PF,,,CD,5/21/2019,A
101059,SQT,SAMARAI ISLAND,PG,,,CD,5/21/2019,A
101058,POM,PORT MORESBY,PG,,,CD,5/21/2019,A
104412,DII,DOINI ISLAND,PG,,,CD,5/21/2019,A
104411,KVE,KITAVA,PG,,,CD,5/21/2019,A
104410,RBP,RABAUL,PG,,,CD,5/21/2019,A
104408,GUR,ALOTAU,PG,,,CD,5/21/2019,A
104409,KRW,KIRIWINA ISLAND,PG,,,CD,5/21/2019,A
103848,MNA,MANILA,PH,,,CD,5/21/2019,A
101093,GDY,GDYNIA (GDANSK),PL,,,CD,5/21/2019,A
101816,GDN,GDANSK,PL,,,CD,5/21/2019,A
101099,PRM,PORTIMAO,PT,,,CD,5/21/2019,A
101095,FNC,FUNCHAL,PT,,,CD,5/21/2019,A
102322,LIX,LEIXOES,PT,,,CD,5/21/2019,A
101098,LXO,OPORTO,PT,,,CD,5/21/2019,A
101097,LIS,LISBON,PT,,,CD,5/21/2019,A
101096,HOR,HORTA,PT,,,CD,5/21/2019,A
101094,PDL,PONTA DELGADA,PT,,,CD,5/21/2019,A
105030,PDG,"POINTE DES GALETS, REUNION",RE,,,CD,5/21/2019,A
101102,CND,CONSTANTA,RO,,,CD,5/21/2019,A
101105,AER,SOCHI,RU,,,CD,5/21/2019,A
101103,LED,ST. PETERSBURG,RU,,,CD,5/21/2019,A
101104,VVO,VLADIVOSTOK,RU,,,CD,5/21/2019,A
104648,PET,PETROPAVLOVSK,RU,,,CD,5/21/2019,A
101108,HIR,HONIARA,SB,,,CD,5/21/2019,A
105028,PVI,"PORT VICTORIA, SEYCHELLES",SC,,,CD,5/21/2019,A
102330,YST,YSTAD,SE,,,CD,5/21/2019,A
101224,HGB,HELSINGBORG,SE,,,CD,5/21/2019,A
104368,STA,CRUISE STOCKHOLM ARCHIPELAGO,SE,,,CD,5/21/2019,A
101821,VBY,VISBY,SE,,,CD,5/21/2019,A
101130,KLR,KALMAR,SE,,,CD,5/21/2019,A
101129,STO,STOCKHOLM,SE,,,CD,5/21/2019,A
101131,GOT,GOTHENBURG,SE,,,CD,5/21/2019,A
102903,NYN,NYNASHAMN (STOCKHOLM),SE,,,CD,5/21/2019,A
101107,SIN,SINGAPORE,SG,,,CD,5/21/2019,A
102966,KOP,KOPER,SI,,,CD,5/21/2019,A
100950,AQJ,ACAJUTLA,SV,,,CD,5/21/2019,A
101133,BKK,BANGKOK,TH,,,CD,5/21/2019,A
101134,KCH,KO CHANG,TH,,,CD,5/21/2019,A
101132,USM,KOH SAMUI,TH,,,CD,5/21/2019,A
103823,LCH,LAEM CHABANG,TH,,,CD,5/21/2019,A
103822,KOH,KO SAMUI,TH,,,CD,5/21/2019,A
101135,HKT,PHUKET,TH,,,CD,5/21/2019,A
103388,LGG,"CARTHAGE,  TUNISIA (DO NOT USE)",TN,,,CD,5/21/2019,A
103368,LGN,LA GOULETTE,TN,,,CD,5/21/2019,A
101137,TBU,NUKU'ALOFA,TO,,,CD,5/21/2019,A
101140,DIK,DIKILI,TR,,,CD,5/21/2019,A
101247,AYT,ANTALYA,TR,,,CD,5/21/2019,A
101138,KUS,KUSADASI,TR,,,CD,5/21/2019,A
101139,IST,ISTANBUL,TR,,,CD,5/21/2019,A
103126,ALA,ALANYA,TR,,,CD,5/21/2019,A
102736,CKZ,CANAKKALE,TR,,,CD,5/21/2019,A
101796,IZM,IZMIR (EPHESUS),TR,,,CD,5/21/2019,A
101136,SCA,SCARBOROUGH,TT,,,CD,5/21/2019,A
101876,POS,PORT OF SPAIN,TT,,,CD,5/21/2019,A
101878,TAB,TOBAGO,TT,,,CD,5/21/2019,A
103849,KEE,"TAPEI (KEELUNG), TAIWAN",TW,,,CD,5/21/2019,A
103825,KAO,KAOSHIUNG,TW,,,CD,5/21/2019,A
102504,ZNZ,ZANIBAR,TZ,,,CD,5/21/2019,A
100847,YAL,YALTA,UA,,,CD,5/21/2019,A
101141,ODS,ODESSA,UA,,,CD,5/21/2019,A
102676,SOQ,"SOUTH QUEENSFERRY, EDINBURGH",UK,,,CD,5/21/2019,A
105009,TIL,"TILBURY (LONDON), ENGLAND",UK,,,CD,5/21/2019,A
101546,LHR,LONDON CONVERSION,UK,,,CD,5/21/2019,A
105309,STW,"STORNOWAY, UNITED KINGDOM",UK,,,CD,5/21/2019,A
103788,NWH,"NEWHAVEN (EDINBURGH), SCOTLAND",UK,,,CD,5/21/2019,A
104168,TYN,NEWCASTLE (TYNE),UK,,,CD,5/21/2019,A
104948,DAR,"DARTMOUTH, UNITED KINGDOM",UK,,,CD,5/21/2019,A
104949,LVP,"LIVERPOOL, UNITED KINGDOM",UK,,,CD,5/21/2019,A
101547,LOD,LONDON CONVERSION,UK,,,CD,5/21/2019,A
101548,LON,LONDON CONVERSION,UK,,,CD,5/21/2019,A
102757,BFS,BELFAST (NORTHERN IRELAND),UK,,,CD,5/21/2019,A
102098,SLR,"ST. HELIER, JERSEY",UK,,,CD,5/21/2019,A
102501,SHY,ST HELEN ISLAND,UK,,,CD,5/21/2019,A
101195,SFO,SAN FRANCISCO,US,CA,,CD,5/21/2019,A
101196,SAV,SAVANNAH,US,GA,,CD,5/21/2019,A
101197,SEA,SEATTLE,US,WA,,CD,5/21/2019,A
101201,WRG,WRANGELL,US,AK,,CD,5/21/2019,A
101574,SBA,SANTA BARBARA,US,CA,,CD,5/21/2019,A
101573,MRY,MONTEREY,US,CA,,CD,5/21/2019,A
101656,EKA,EUREKA,US,CA,,CD,5/21/2019,A
101756,WQF,WHITTIER,US,AK,,CD,5/21/2019,A
103709,CCN,CRUISE NAPALI COAST,US,HI,,CD,5/21/2019,A
101636,ANC,ANCHORAGE,US,AK,,CD,5/21/2019,A
102924,ICY,ICY STRAIT POINT,US,AK,,CD,5/21/2019,A
102904,HNH,HOONAH,US,AK,,CD,5/21/2019,A
100798,SAW,CRUISE SAWYER GLACIER,US,AK,,CD,5/21/2019,A
101545,PCV,ORLANDO-BEACHES-PORT CANAVERAL,US,FL,,CD,5/21/2019,A
100762,GB,CRUISE GLACIER BAY,US,AK,,CD,5/21/2019,A
100771,HGC,CRUISE HUBBARD GLACIER,US,AK,,CD,5/21/2019,A
101198,SWD,SEWARD,US,AK,,CD,5/21/2019,A
101127,KTN,KETCHIKAN,US,AK,,CD,5/21/2019,A
104008,CAT,CATALINA ISLAND,US,CA,,CD,5/21/2019,A
104588,BBB,BARBADOS,US,,,CD,5/21/2019,A
105168,BRO,"BROOKLYN, NEW YORK",US,NY,,CD,5/21/2019,A
104908,GAL,"GALVESTON, TEXAS",US,TX,,CD,5/21/2019,A
104988,HLK,HOLKHAM BAY GLACIER,US,,,CD,5/21/2019,A
104028,RKD,"ROCKLAND, MAINE",US,ME,,CD,5/21/2019,A
101181,MRH,MOREHEAD CITY,US,NC,,CD,5/21/2019,A
101199,SIT,SITKA,US,AK,,CD,5/21/2019,A
101200,SGY,SKAGWAY,US,AK,,CD,5/21/2019,A
101203,FRD,FREDERICKSTAD,US,VI,,CD,5/21/2019,A
101204,STT,ST.THOMAS,US,VI,,CD,5/21/2019,A
101205,STX,ST.CROIX,US,VI,,CD,5/21/2019,A
101206,CZB,ST. JOHN,US,VI,,CD,5/21/2019,A
101245,MDI,MIDWAY ISLAND,US,,,CD,5/21/2019,A
100775,CIP,CRUISE INSIDE PASSAGE AL,US,,,CD,5/21/2019,A
101551,JFK,NEW YORK CONVERSION,US,NY,,CD,5/21/2019,A
100846,SJU,SAN JUAN,US,PR,,CD,5/21/2019,A
101324,TPA,TAMPA,US,FL,,CD,5/21/2019,A
101484,COA,CRUISE THE OUTSIDE PASSAGE,US,AK,,CD,5/21/2019,A
101485,CGA,CRUISE GULF OF ALASKA,US,AK,,CD,5/21/2019,A
101155,AXR,ALEXANDRIA,US,VA,,CD,5/21/2019,A
101156,AST,ASTORIA,US,OR,,CD,5/21/2019,A
101157,BWI,BALTIMORE,US,MD,,CD,5/21/2019,A
101158,BHB,BAR HARBOR,US,ME,,CD,5/21/2019,A
101159,BOS,BOSTON,US,MA,,CD,5/21/2019,A
101160,CKI,CATALINA ISLAND,US,CA,,CD,5/21/2019,A
101161,CHS,CHARLESTON,US,SC,,CD,5/21/2019,A
101162,CDV,CORDOVA,US,AK,,CD,5/21/2019,A
101163,DUT,DUTCH HARBOR,US,AK,,CD,5/21/2019,A
101164,PEF,PORT EVERGLADES,US,FL,,CD,5/21/2019,A
101165,HQM,GRAYS HARBOR,US,WA,,CD,5/21/2019,A
101166,HNS,HAINES,US,AK,,CD,5/21/2019,A
101167,ITO,HILO,US,HI,,CD,5/21/2019,A
101168,HNL,HONOLULU,US,HI,,CD,5/21/2019,A
101169,HOU,HOUSTON,US,TX,,CD,5/21/2019,A
101170,JNU,JUNEAU,US,AK,,CD,5/21/2019,A
101171,OGG,KAHULUI (MAUI),US,HI,,CD,5/21/2019,A
101172,KKA,KAUNAKAKAI (MOLOKAI),US,HI,,CD,5/21/2019,A
101174,EYW,KEY WEST,US,FL,,CD,5/21/2019,A
101175,ADQ,KODIAK,US,AK,,CD,5/21/2019,A
101176,KOA,KONA,US,HI,,CD,5/21/2019,A
101177,LHN,LAHAINA (MAUI),US,HI,,CD,5/21/2019,A
101178,LAX,LOS ANGELES,US,CA,,CD,5/21/2019,A
101179,MVY,MARTHA'S VINEYARD,US,MA,,CD,5/21/2019,A
101180,MIA,MIAMI,US,FL,,CD,5/21/2019,A
101776,MOB,MOBILE,US,AL,,CD,5/21/2019,A
101182,NWK,NAWILIWILI (KAUAI),US,HI,,CD,5/21/2019,A
101183,MSY,NEW ORLEANS,US,LA,,CD,5/21/2019,A
101184,NYC,NEW YORK CITY,US,NY,,CD,5/21/2019,A
101185,NPO,NEWPORT,US,RI,,CD,5/21/2019,A
101186,PHF,NEWPORT NEWS,US,VA,,CD,5/21/2019,A
101187,ORF,NORFOLK,US,VA,,CD,5/21/2019,A
101188,PHL,PHILADELPHIA,US,PA,,CD,5/21/2019,A
101189,PSE,PONCE,US,PR,,CD,5/21/2019,A
101190,PCA,PORT CANAVERAL CONVERSION,US,FL,,CD,5/21/2019,A
101191,PWM,"PORTLAND, MAINE",US,ME,,CD,5/21/2019,A
101192,PDX,"PORTLAND, OREGON",US,OR,,CD,5/21/2019,A
101193,PVC,PROVINCETOWN,US,MA,,CD,5/21/2019,A
101194,SAN,SAN DIEGO,US,CA,,CD,5/21/2019,A
101202,MVD,MONTEVIDEO,UY,,,CD,5/21/2019,A
102041,PDP,"PUNTA DEL ESTE, URUGUAY",UY,,,CD,5/21/2019,A
101736,KT1,KINGSTOWN,VC,,,CD,5/21/2019,A
101211,LAG,LA GUAIRA,VE,,,CD,5/21/2019,A
100909,VIJ,VIRGIN GORDA,VG,,,CD,5/21/2019,A
100908,TOV,TORTOLA,VG,,,CD,5/21/2019,A
104068,HUI,HUE/DA NANG (CHAN MAY),VN,,,CD,2/22/2017,D
101213,SGN,PHU MY (HO CHI MINH CITY),VN,,,CD,5/21/2019,A
101216,HAN,HANOI (HA LONG BAY),VN,,,CD,5/21/2019,A
101215,DAD,HUE/DA NANG (CHAN MAY),VN,,,CD,5/21/2019,A
101214,CDX,CON DAO,VN,,,CD,5/21/2019,A
101212,NHA,NHA TRANG,VN,,,CD,5/21/2019,A
101208,MYS,MYSTERY ISLAND,VU,,,CD,5/21/2019,A
101209,LUG,LUGANVILLE,VU,,,CD,5/21/2019,A
104053,PVL,PORT VILA,VU,,,CD,5/24/2017,D
101207,CPA,CHAMPAGNE BEACH,VU,,,CD,5/21/2019,A
101210,VLI,PORT VILA,VU,,,CD,5/21/2019,A
104051,API,APIA,WS,,,CD,5/24/2017,D
101106,APW,APIA,WS,,,CD,5/21/2019,A
105031,RIC,"RICHARD'S BAY, SOUTH AFRICA",ZA,,,CD,5/21/2019,A
105032,LIZ,"PORT ELIZABETH, SOUTH AFRICA",ZA,,,CD,5/21/2019,A
102497,DUR,DURBAN,ZA,,,CD,5/21/2019,A
102496,CPT,CAPE TOWN,ZA,,,CD,5/21/2019,A
105033,MOS,"MOSSELBAY, SOUTH AFRICA",ZA,,,CD,5/21/2019,A
100797,CSR,CRUISE SAGUENAY RIVER,ZZ,,,CD,5/21/2019,A
100799,JSJ,CRUISE SEA OF JAPAN,ZZ,,,CD,5/21/2019,A
100800,MMR,CRUISE SEA OF MARMARA,ZZ,,,CD,5/21/2019,A
100801,BKA,CRUISE SELAT BANKA,ZZ,,,CD,5/21/2019,A
100802,SOA,CRUISE SENO AGOSTINI,ZZ,,,CD,5/21/2019,A
100803,JKK,CRUISE SKAGERRAK,ZZ,,,CD,5/21/2019,A
100804,CSF,CRUISE SOGNEFJORD,ZZ,,,CD,5/21/2019,A
100805,JOU,CRUISE SOUTH CHINA SEA,ZZ,,,CD,5/21/2019,A
100806,CGL,CRUISE ST.LAWRENCE GULF,ZZ,,,CD,5/21/2019,A
100807,JSG,CRUISE ST.GEORGES CHANNEL,ZZ,,,CD,5/21/2019,A
100810,JRI,CRUISE STRAIT OF MALACCA,ZZ,,,CD,5/21/2019,A
100811,YSS,CRUISE STRAIT OF MESSINA,ZZ,,,CD,5/21/2019,A
100813,ICH,CRUISE SWEDISH ARCHIPELAGO,ZZ,,,CD,5/21/2019,A
100814,TAS,CRUISE TASMAN SEA,ZZ,,,CD,5/21/2019,A
100815,JBL,CRUISE BLACK SEA,ZZ,,,CD,5/21/2019,A
100816,JMR,CRUISE TIMOR SEA,ZZ,,,CD,5/21/2019,A
100817,RLP,CRUISE TO NOWHERE,ZZ,,,CD,5/21/2019,A
100818,CTS,CRUISE TORRES STRAIT,ZZ,,,CD,5/21/2019,A
100819,YTY,CRUISE TYRRHENIAN SEA,ZZ,,,CD,5/21/2019,A
100820,YAK,CRUISE YAKUTAT BAY,ZZ,,,CD,5/21/2019,A
100821,JLS,CRUISE YELLOW SEA,ZZ,,,CD,5/21/2019,A
100823,USA,CRUISE BY STATUE OF LIBERTY,ZZ,,,CD,5/21/2019,A
100824,JNV,CRUISE COAST OF NOVA SCOTIA,ZZ,,,CD,5/21/2019,A
100825,FYC,CRUISE FREYCINET,ZZ,,,CD,5/21/2019,A
100826,JRP,CRUISE GULF OF CARPENTARIA,ZZ,,,CD,5/21/2019,A
100827,HBP,CRUISE HAVANNAH/BOULARI PSG,ZZ,,,CD,5/21/2019,A
100828,FIS,CRUISE FRASER ISLAND,ZZ,,,CD,5/21/2019,A
100831,JKU,CRUISE PAST KILAUEA VOLCANO,ZZ,,,CD,5/21/2019,A
100832,EVR,CRUISE THE SEINE RIVER,ZZ,,,CD,5/21/2019,A
100833,GGB,CRUISE UNDER GOLDEN GATE BR.,ZZ,,,CD,5/21/2019,A
100834,XXX,TO BE ANNOUNCED,ZZ,,,CD,5/21/2019,A
100835,XCC,TRANSIT CAPE COD CANAL,ZZ,,,CD,5/21/2019,A
100837,TPC,TRANSIT PANAMA CANAL,ZZ,,,CD,5/21/2019,A
100839,CSG,TRANSIT STRAIT OF GIBRALTAR,ZZ,,,CD,5/21/2019,A
100840,JWT,WINE TASTING AT SEA,ZZ,,,CD,5/21/2019,A
100761,GFJ,CRUISE GEIRANGERFJORD,ZZ,,,CD,5/21/2019,A
100763,JBF,CRUISE GREAT BARRIER REEF,ZZ,,,CD,5/21/2019,A
100764,CGM,CRUISE GULF OF MAINE,ZZ,,,CD,5/21/2019,A
100765,JLU,CRUISE GULF OF THAILAND,ZZ,,,CD,5/21/2019,A
100766,JGT,CRUISE GULF OF TONGKING,ZZ,,,CD,5/21/2019,A
100767,OGT,CRUISE GULF OF TRINIDAD,ZZ,,,CD,5/21/2019,A
100768,XHB,CRUISE HALONG BAY,ZZ,,,CD,5/21/2019,A
100769,JDG,CRUISE HARDANDERFJORD,ZZ,,,CD,5/21/2019,A
100770,JHO,CRUISE HONGUEDO PASSAGE,ZZ,,,CD,5/21/2019,A
100772,ICJ,CRUISE IBERIAN PENINSULA,ZZ,,,CD,5/21/2019,A
101090,CGU,CRUISE GATUN LAKE,ZZ,,,CD,5/21/2019,A
100854,XBP,CRUISE BALLS PYRAMID,ZZ,,,CD,5/21/2019,A
100856,CCF,CRUISE COLLEGE FJORD,ZZ,,,CD,5/21/2019,A
100857,CCG,CRUISE COLOMBIA GLACIER,ZZ,,,CD,5/21/2019,A
100858,JEN,CRUISE D'ENTRECASTEAU,ZZ,,,CD,5/21/2019,A
100860,END,CRUISE ENDICOTT ARM,ZZ,,,CD,5/21/2019,A
100861,JGS,CRUISE GASPE PERCE ROCKS,ZZ,,,CD,5/21/2019,A
100724,CCC,AT SEA,ZZ,,,CD,5/21/2019,A
100865,MFJ,CRUISE MISTY FJORD,ZZ,,,CD,5/21/2019,A
100866,JMY,MYSTERY CRUISE,ZZ,,,CD,5/21/2019,A
100868,JQQ,CRUISE QUEENSLAND COAST,ZZ,,,CD,5/21/2019,A
100869,JEP,CRUISE SOLAR ECLIPSE,ZZ,,,CD,5/21/2019,A
100870,TA,CRUISE TRACY ARM,ZZ,,,CD,5/21/2019,A
100871,JWB,CRUISE WINE GLASS BAY,ZZ,,,CD,5/21/2019,A
100773,IIJ,CRUISE IJMUIDEN CANAL,ZZ,,,CD,5/21/2019,A
101217,SSP,CRUISE SIBUYAN SEA,ZZ,,,CD,5/21/2019,A
101218,WHI,CRUISE W.HAWAIIAN ISLAND CHAIN,ZZ,,,CD,5/21/2019,A
101219,PWI,CRUISE PAST WAKE ISLAND,ZZ,,,CD,5/21/2019,A
101220,SBE,TRANSIT SAN BERNARDINO STRAIT,ZZ,,,CD,5/21/2019,A
101246,CTC,CROSS TROPIC OF CAPRICORN,ZZ,,,CD,5/21/2019,A
101284,BTJ,CRUISE BANDA SEA,ZZ,,,CD,5/21/2019,A
100774,IND,CRUISE INDIAN OCEAN,ZZ,,,CD,5/21/2019,A
100776,JCP,CRUISE INSIDE PASSAGE NORWAY,ZZ,,,CD,5/21/2019,A
100777,IOI,CRUISE IONIAN SEA,ZZ,,,CD,5/21/2019,A
100778,YRE,CRUISE IRISH SEA,ZZ,,,CD,5/21/2019,A
100779,JVV,CRUISE JAVA SEA,ZZ,,,CD,5/21/2019,A
100780,LPX,CRUISE LA PEROUSE STRAIT,ZZ,,,CD,5/21/2019,A
100781,JLG,CRUISE LIGURIAN SEA,ZZ,,,CD,5/21/2019,A
100782,CLF,CRUISE LYSEFJORD,ZZ,,,CD,5/21/2019,A
100783,JMQ,CRUISE MEDITERRANEAN SEA,ZZ,,,CD,5/21/2019,A
100785,CMR,CRUISE MISSISSIPPI RIVER,ZZ,,,CD,5/21/2019,A
100786,CNC,CRUISE NORTH CAPE AT MIDNIGHT,ZZ,,,CD,5/21/2019,A
100787,NRJ,CRUISE NORDFJORD,ZZ,,,CD,5/21/2019,A
100788,NRN,CRUISE NORTH SEA,ZZ,,,CD,5/21/2019,A
100789,JXP,CRUISE ORKNEY ISLANDS,ZZ,,,CD,5/21/2019,A
100790,OSF,CRUISE OSLOFJORD,ZZ,,,CD,5/21/2019,A
100791,CPO,CRUISE PACIFIC OCEAN,ZZ,,,CD,5/21/2019,A
101057,MNE,CRUISE MILNE BAY,ZZ,,,CD,5/21/2019,A
100793,PWS,CRUISE PRINCE WILLIAM SOUND,ZZ,,,CD,5/21/2019,A
100794,DAV,CRUISE PORT DAVEY,ZZ,,,CD,5/21/2019,A
100795,CPS,CRUISE PUGET SOUND,ZZ,,,CD,5/21/2019,A
100796,IRL,CRUISE ROMSDALSFJORD,ZZ,,,CD,5/21/2019,A
100726,ZLD,CROSS INTERNATIONAL DATELINE,ZZ,,,CD,5/21/2019,A
100727,CQU,CROSS THE EQUATOR,ZZ,,,CD,5/21/2019,A
100728,XSA,CRUISE ADRIATIC SEA,ZZ,,,CD,5/21/2019,A
100729,XAS,CRUISE AEGEAN SEA,ZZ,,,CD,5/21/2019,A
100730,JFU,CRUISE ARAFURA SEA,ZZ,,,CD,5/21/2019,A
100731,JBI,CRUISE BALI SEA,ZZ,,,CD,5/21/2019,A
100732,ZZL,CRUISE BALTIC SEA,ZZ,,,CD,5/21/2019,A
100733,CBA,CRUISE BASS STRAIT,ZZ,,,CD,5/21/2019,A
100734,XBX,CRUISE BAY OF BISCAY,ZZ,,,CD,5/21/2019,A
100736,CBB,CRUISE BELLA BELLA STRAIT,ZZ,,,CD,5/21/2019,A
100737,ZPU,CRUISE BOSPORUS STRAIT,ZZ,,,CD,5/21/2019,A
100739,CBS,CRUISE CABOT STRAIT,ZZ,,,CD,5/21/2019,A
100740,CCP,CRUISE CANAL CONCEPTION,ZZ,,,CD,5/21/2019,A
100741,DCE,CRUISE CANAL DARWIN,ZZ,,,CD,5/21/2019,A
100744,CAB,CRUISE CARIBBEAN SEA,ZZ,,,CD,5/21/2019,A
100745,JDE,CRUISE CHESAPEAKE BAY,ZZ,,,CD,5/21/2019,A
100747,JNO,CRUISE COAST OF NORWAY,ZZ,,,CD,5/21/2019,A
100748,ICO,CRUISE COAST OF SCOTLAND,ZZ,,,CD,5/21/2019,A
100749,JCS,CRUISE COAST OF SPAIN,ZZ,,,CD,5/21/2019,A
100750,JVE,CRUISE COAST OF VIETNAM,ZZ,,,CD,5/21/2019,A
100751,CCR,CRUISE COLUMBIA RIVER,ZZ,,,CD,5/21/2019,A
100752,OOC,CRUISE CORAL SEA,ZZ,,,CD,5/21/2019,A
100753,CDS,CRUISE DARDANELLES,ZZ,,,CD,5/21/2019,A
100754,JEC,CRUISE EAST CHINA SEA,ZZ,,,CD,5/21/2019,A
100755,IER,CRUISE ELBE RIVER,ZZ,,,CD,5/21/2019,A
100756,CEN,CRUISE ENGLISH CHANNEL,ZZ,,,CD,5/21/2019,A
100757,JFL,CRUISE FLORES SEA,ZZ,,,CD,5/21/2019,A
100758,JFO,CRUISE FORMOSA STRAIT,ZZ,,,CD,5/21/2019,A
100759,CFJ,CRUISE FREDRICK SOUND,ZZ,,,CD,5/21/2019,A
100760,GAS,CRUISE GASPAR STRAIT,ZZ,,,CD,5/21/2019,A
102946,CRO,CRUISE ONLY,ZZ,,SABRE SETUP CODE,CD,5/21/2019,A
